keyword,url
blocked drain bath,https://bathplumbers.co.uk/
blocked drains bath,https://bathplumbers.co.uk/
blocked drains in bath,https://bathplumbers.co.uk/
drain blockage bath,https://bathplumbers.co.uk/
bath plumberss,https://bathplumbers.co.uk/
blocked toilet bath,https://bathplumbers.co.uk/services/blocked-drains/blocked-toilet
blocked sink bath,https://bathplumbers.co.uk/services/blocked-drains/blocked-sink
cctv drain survey bath,https://bathplumbers.co.uk/services/cctv-drain-surveys
cctv drain survey cost,https://bathplumbers.co.uk/services/cctv-drain-surveys
cctv drainage survey cost,https://bathplumbers.co.uk/services/cctv-drain-surveys
drainage cctv survey cost,https://bathplumbers.co.uk/services/cctv-drain-surveys
drain jetting bath,https://bathplumbers.co.uk/services/drain-jetting
high pressure drain jetting,https://bathplumbers.co.uk/services/drain-jetting
emergency drain unblocking bath,https://bathplumbers.co.uk/services/emergency-drain-services
24 hour drain unblocking bath,https://bathplumbers.co.uk/services/emergency-drain-services
drain repairs bath,https://bathplumbers.co.uk/services/drain-repairs
drain relining bath,https://bathplumbers.co.uk/services/drain-repairs/pipe-relining
blocked drains bristol,https://bathplumbers.co.uk/locations/bristol/blocked-drains
blocked drains keynsham,https://bathplumbers.co.uk/locations/keynsham/blocked-drains
blocked drains chippenham,https://bathplumbers.co.uk/locations/chippenham/blocked-drains
blocked drains trowbridge,https://bathplumbers.co.uk/locations/trowbridge/blocked-drains
blocked drains radstock,https://bathplumbers.co.uk/locations/radstock/blocked-drains
blocked drains bradford-on-avon,https://bathplumbers.co.uk/locations/bradford-on-avon/blocked-drains
blocked drains frome,https://bathplumbers.co.uk/locations/frome/blocked-drains
drain unblocking near me,https://bathplumbers.co.uk/locations
